{
    "$schema": "https://schema.management.azure.com/schemas/2015-01-01/deploymentParameters.json#",
    "contentVersion": "1.0.0.0",
    "parameters": {
        "vulnerabilityAssessments_Default_storageContainerPath": {
            "value": null
        },
        "sites_webapp_univators_name": {
            "value": null
        },
        "servers_univatorsserver7_name": {
            "value": null
        },
        "actionGroups_AG_Team7_name": {
            "value": null
        },
        "serverfarms_ASP_rgwebapp_97ef_name": {
            "value": null
        },
        "components_webapp_univators_name": {
            "value": null
        },
        "networkSecurityGroups_nsg_Db_name": {
            "value": null
        },
        "storageAccounts_univatorssb7_name": {
            "value": null
        },
        "activitylogalerts_Health_web_name": {
            "value": null
        },
        "networkSecurityGroups_nsg_web_name": {
            "value": null
        },
        "publicIPAddresses_Firewall_IP_name": {
            "value": null
        },
        "virtualNetworks_Univators7VNet_name": {
            "value": null
        },
        "routeTables_RT_Through_Firewall_name": {
            "value": null
        },
        "firewallPolicies_Firewall_Policy_name": {
            "value": null
        },
        "networkSecurityGroups_nsg_Bastion_name": {
            "value": null
        },
        "networkSecurityGroups_nsg_Monitoring_name": {
            "value": null
        },
        "azureFirewalls_Firewall_Multisoftware_name": {
            "value": null
        },
        "networkSecurityGroups_AzurFirewall_nsg_name": {
            "value": null
        },
        "workspaces_la_Multisoftware_name": {
            "value": null
        },
        "actionGroups_Application_Insights_Smart_Detection_name": {
            "value": null
        },
        "userAssignedIdentities_webapp_univators_id_8df5_name": {
            "value": null
        },
        "userAssignedIdentities_webapp_univators_id_95c4_name": {
            "value": null
        },
        "workspaces_DefaultWorkspace_ea306d54_2f1d_4e60_ae76_4887df5ee377_NEU_externalid": {
            "value": null
        }
    }
}