{
    "$schema": "https://schema.management.azure.com/schemas/2015-01-01/deploymentParameters.json#",
    "contentVersion": "1.0.0.0",
    "parameters": {
        "virtualNetworks_Univators7VNet_name": {
            "value": null
        },
        "networkSecurityGroups_nsg_Bastion_externalid": {
            "value": null
        },
        "networkSecurityGroups_nsg_web_externalid": {
            "value": null
        },
        "routeTables_RT_Through_Firewall_externalid": {
            "value": null
        },
        "networkSecurityGroups_nsg_Db_externalid": {
            "value": null
        },
        "networkSecurityGroups_nsg_Monitoring_externalid": {
            "value": null
        }
    }
}