{
    "$schema": "https://schema.management.azure.com/schemas/2019-04-01/deploymentTemplate.json#",
    "contentVersion": "1.0.0.0",
    "parameters": {
        "virtualNetworks_Univators7VNet_name": {
            "defaultValue": "Univators7VNet",
            "type": "String"
        },
        "networkSecurityGroups_nsg_Bastion_externalid": {
            "defaultValue": "/subscriptions/ea306d54-2f1d-4e60-ae76-4887df5ee377/resourceGroups/rg-webapp/providers/Microsoft.Network/networkSecurityGroups/nsg_Bastion",
            "type": "String"
        },
        "networkSecurityGroups_nsg_web_externalid": {
            "defaultValue": "/subscriptions/ea306d54-2f1d-4e60-ae76-4887df5ee377/resourceGroups/rg-webapp/providers/Microsoft.Network/networkSecurityGroups/nsg_web",
            "type": "String"
        },
        "routeTables_RT_Through_Firewall_externalid": {
            "defaultValue": "/subscriptions/ea306d54-2f1d-4e60-ae76-4887df5ee377/resourceGroups/rg-webapp/providers/Microsoft.Network/routeTables/RT_Through_Firewall",
            "type": "String"
        },
        "networkSecurityGroups_nsg_Db_externalid": {
            "defaultValue": "/subscriptions/ea306d54-2f1d-4e60-ae76-4887df5ee377/resourceGroups/rg-webapp/providers/Microsoft.Network/networkSecurityGroups/nsg_Db",
            "type": "String"
        },
        "networkSecurityGroups_nsg_Monitoring_externalid": {
            "defaultValue": "/subscriptions/ea306d54-2f1d-4e60-ae76-4887df5ee377/resourceGroups/rg-webapp/providers/Microsoft.Network/networkSecurityGroups/nsg_Monitoring",
            "type": "String"
        }
    },
    "variables": {},
    "resources": [
        {
            "type": "Microsoft.Network/virtualNetworks",
            "apiVersion": "2024-05-01",
            "name": "[parameters('virtualNetworks_Univators7VNet_name')]",
            "location": "northeurope",
            "properties": {
                "addressSpace": {
                    "addressPrefixes": [
                        "10.0.0.0/16"
                    ]
                },
                "privateEndpointVNetPolicies": "Disabled",
                "subnets": [
                    {
                        "name": "default",
                        "id": "[resourceId('Microsoft.Network/virtualNetworks/subnets', parameters('virtualNetworks_Univators7VNet_name'), 'default')]",
                        "properties": {
                            "addressPrefix": "10.0.0.0/24",
                            "serviceEndpoints": [
                                {
                                    "service": "Microsoft.Storage",
                                    "locations": [
                                        "northeurope",
                                        "westeurope"
                                    ]
                                }
                            ],
                            "delegations": [],
                            "privateEndpointNetworkPolicies": "Disabled",
                            "privateLinkServiceNetworkPolicies": "Enabled"
                        },
                        "type": "Microsoft.Network/virtualNetworks/subnets"
                    },
                    {
                        "name": "Subnet_bastion",
                        "id": "[resourceId('Microsoft.Network/virtualNetworks/subnets', parameters('virtualNetworks_Univators7VNet_name'), 'Subnet_bastion')]",
                        "properties": {
                            "addressPrefix": "10.0.4.0/24",
                            "networkSecurityGroup": {
                                "id": "[parameters('networkSecurityGroups_nsg_Bastion_externalid')]"
                            },
                            "delegations": [],
                            "privateEndpointNetworkPolicies": "Disabled",
                            "privateLinkServiceNetworkPolicies": "Enabled"
                        },
                        "type": "Microsoft.Network/virtualNetworks/subnets"
                    },
                    {
                        "name": "AzureFirewallManagementSubnet",
                        "id": "[resourceId('Microsoft.Network/virtualNetworks/subnets', parameters('virtualNetworks_Univators7VNet_name'), 'AzureFirewallManagementSubnet')]",
                        "properties": {
                            "addressPrefix": "10.0.6.0/26",
                            "delegations": [],
                            "privateEndpointNetworkPolicies": "Disabled",
                            "privateLinkServiceNetworkPolicies": "Enabled"
                        },
                        "type": "Microsoft.Network/virtualNetworks/subnets"
                    },
                    {
                        "name": "AzureFirewallSubnet",
                        "id": "[resourceId('Microsoft.Network/virtualNetworks/subnets', parameters('virtualNetworks_Univators7VNet_name'), 'AzureFirewallSubnet')]",
                        "properties": {
                            "addressPrefix": "10.0.5.0/26",
                            "delegations": [],
                            "privateEndpointNetworkPolicies": "Disabled",
                            "privateLinkServiceNetworkPolicies": "Enabled"
                        },
                        "type": "Microsoft.Network/virtualNetworks/subnets"
                    },
                    {
                        "name": "Subnet_web",
                        "id": "[resourceId('Microsoft.Network/virtualNetworks/subnets', parameters('virtualNetworks_Univators7VNet_name'), 'Subnet_web')]",
                        "properties": {
                            "addressPrefix": "10.0.1.0/24",
                            "networkSecurityGroup": {
                                "id": "[parameters('networkSecurityGroups_nsg_web_externalid')]"
                            },
                            "routeTable": {
                                "id": "[parameters('routeTables_RT_Through_Firewall_externalid')]"
                            },
                            "delegations": [],
                            "privateEndpointNetworkPolicies": "Disabled",
                            "privateLinkServiceNetworkPolicies": "Enabled"
                        },
                        "type": "Microsoft.Network/virtualNetworks/subnets"
                    },
                    {
                        "name": "Subnet_db",
                        "id": "[resourceId('Microsoft.Network/virtualNetworks/subnets', parameters('virtualNetworks_Univators7VNet_name'), 'Subnet_db')]",
                        "properties": {
                            "addressPrefix": "10.0.2.0/24",
                            "networkSecurityGroup": {
                                "id": "[parameters('networkSecurityGroups_nsg_Db_externalid')]"
                            },
                            "routeTable": {
                                "id": "[parameters('routeTables_RT_Through_Firewall_externalid')]"
                            },
                            "delegations": [],
                            "privateEndpointNetworkPolicies": "Disabled",
                            "privateLinkServiceNetworkPolicies": "Enabled"
                        },
                        "type": "Microsoft.Network/virtualNetworks/subnets"
                    },
                    {
                        "name": "Subnet_monitoring",
                        "id": "[resourceId('Microsoft.Network/virtualNetworks/subnets', parameters('virtualNetworks_Univators7VNet_name'), 'Subnet_monitoring')]",
                        "properties": {
                            "addressPrefix": "10.0.3.0/24",
                            "networkSecurityGroup": {
                                "id": "[parameters('networkSecurityGroups_nsg_Monitoring_externalid')]"
                            },
                            "routeTable": {
                                "id": "[parameters('routeTables_RT_Through_Firewall_externalid')]"
                            },
                            "delegations": [],
                            "privateEndpointNetworkPolicies": "Disabled",
                            "privateLinkServiceNetworkPolicies": "Enabled"
                        },
                        "type": "Microsoft.Network/virtualNetworks/subnets"
                    }
                ],
                "virtualNetworkPeerings": [],
                "enableDdosProtection": false
            }
        },
        {
            "type": "Microsoft.Network/virtualNetworks/subnets",
            "apiVersion": "2024-05-01",
            "name": "[concat(parameters('virtualNetworks_Univators7VNet_name'), '/AzureFirewallManagementSubnet')]",
            "dependsOn": [
                "[resourceId('Microsoft.Network/virtualNetworks', parameters('virtualNetworks_Univators7VNet_name'))]"
            ],
            "properties": {
                "addressPrefix": "10.0.6.0/26",
                "delegations": [],
                "privateEndpointNetworkPolicies": "Disabled",
                "privateLinkServiceNetworkPolicies": "Enabled"
            }
        },
        {
            "type": "Microsoft.Network/virtualNetworks/subnets",
            "apiVersion": "2024-05-01",
            "name": "[concat(parameters('virtualNetworks_Univators7VNet_name'), '/AzureFirewallSubnet')]",
            "dependsOn": [
                "[resourceId('Microsoft.Network/virtualNetworks', parameters('virtualNetworks_Univators7VNet_name'))]"
            ],
            "properties": {
                "addressPrefix": "10.0.5.0/26",
                "delegations": [],
                "privateEndpointNetworkPolicies": "Disabled",
                "privateLinkServiceNetworkPolicies": "Enabled"
            }
        },
        {
            "type": "Microsoft.Network/virtualNetworks/subnets",
            "apiVersion": "2024-05-01",
            "name": "[concat(parameters('virtualNetworks_Univators7VNet_name'), '/default')]",
            "dependsOn": [
                "[resourceId('Microsoft.Network/virtualNetworks', parameters('virtualNetworks_Univators7VNet_name'))]"
            ],
            "properties": {
                "addressPrefix": "10.0.0.0/24",
                "serviceEndpoints": [
                    {
                        "service": "Microsoft.Storage",
                        "locations": [
                            "northeurope",
                            "westeurope"
                        ]
                    }
                ],
                "delegations": [],
                "privateEndpointNetworkPolicies": "Disabled",
                "privateLinkServiceNetworkPolicies": "Enabled"
            }
        },
        {
            "type": "Microsoft.Network/virtualNetworks/subnets",
            "apiVersion": "2024-05-01",
            "name": "[concat(parameters('virtualNetworks_Univators7VNet_name'), '/Subnet_bastion')]",
            "dependsOn": [
                "[resourceId('Microsoft.Network/virtualNetworks', parameters('virtualNetworks_Univators7VNet_name'))]"
            ],
            "properties": {
                "addressPrefix": "10.0.4.0/24",
                "networkSecurityGroup": {
                    "id": "[parameters('networkSecurityGroups_nsg_Bastion_externalid')]"
                },
                "delegations": [],
                "privateEndpointNetworkPolicies": "Disabled",
                "privateLinkServiceNetworkPolicies": "Enabled"
            }
        },
        {
            "type": "Microsoft.Network/virtualNetworks/subnets",
            "apiVersion": "2024-05-01",
            "name": "[concat(parameters('virtualNetworks_Univators7VNet_name'), '/Subnet_db')]",
            "dependsOn": [
                "[resourceId('Microsoft.Network/virtualNetworks', parameters('virtualNetworks_Univators7VNet_name'))]"
            ],
            "properties": {
                "addressPrefix": "10.0.2.0/24",
                "networkSecurityGroup": {
                    "id": "[parameters('networkSecurityGroups_nsg_Db_externalid')]"
                },
                "routeTable": {
                    "id": "[parameters('routeTables_RT_Through_Firewall_externalid')]"
                },
                "delegations": [],
                "privateEndpointNetworkPolicies": "Disabled",
                "privateLinkServiceNetworkPolicies": "Enabled"
            }
        },
        {
            "type": "Microsoft.Network/virtualNetworks/subnets",
            "apiVersion": "2024-05-01",
            "name": "[concat(parameters('virtualNetworks_Univators7VNet_name'), '/Subnet_monitoring')]",
            "dependsOn": [
                "[resourceId('Microsoft.Network/virtualNetworks', parameters('virtualNetworks_Univators7VNet_name'))]"
            ],
            "properties": {
                "addressPrefix": "10.0.3.0/24",
                "networkSecurityGroup": {
                    "id": "[parameters('networkSecurityGroups_nsg_Monitoring_externalid')]"
                },
                "routeTable": {
                    "id": "[parameters('routeTables_RT_Through_Firewall_externalid')]"
                },
                "delegations": [],
                "privateEndpointNetworkPolicies": "Disabled",
                "privateLinkServiceNetworkPolicies": "Enabled"
            }
        },
        {
            "type": "Microsoft.Network/virtualNetworks/subnets",
            "apiVersion": "2024-05-01",
            "name": "[concat(parameters('virtualNetworks_Univators7VNet_name'), '/Subnet_web')]",
            "dependsOn": [
                "[resourceId('Microsoft.Network/virtualNetworks', parameters('virtualNetworks_Univators7VNet_name'))]"
            ],
            "properties": {
                "addressPrefix": "10.0.1.0/24",
                "networkSecurityGroup": {
                    "id": "[parameters('networkSecurityGroups_nsg_web_externalid')]"
                },
                "routeTable": {
                    "id": "[parameters('routeTables_RT_Through_Firewall_externalid')]"
                },
                "delegations": [],
                "privateEndpointNetworkPolicies": "Disabled",
                "privateLinkServiceNetworkPolicies": "Enabled"
            }
        }
    ]
}