{
    "$schema": "https://schema.management.azure.com/schemas/2019-04-01/deploymentTemplate.json#",
    "contentVersion": "1.0.0.0",
    "parameters": {
        "firewallPolicies_Firewall_Policy_name": {
            "defaultValue": "Firewall_Policy",
            "type": "String"
        }
    },
    "variables": {},
    "resources": [
        {
            "type": "Microsoft.Network/firewallPolicies",
            "apiVersion": "2024-05-01",
            "name": "[parameters('firewallPolicies_Firewall_Policy_name')]",
            "location": "northeurope",
            "properties": {
                "sku": {
                    "tier": "Standard"
                },
                "threatIntelMode": "Alert"
            }
        },
        {
            "type": "Microsoft.Network/firewallPolicies/ruleCollectionGroups",
            "apiVersion": "2024-05-01",
            "name": "[concat(parameters('firewallPolicies_Firewall_Policy_name'), '/DefaultApplicationRuleCollectionGroup')]",
            "location": "northeurope",
            "dependsOn": [
                "[resourceId('Microsoft.Network/firewallPolicies', parameters('firewallPolicies_Firewall_Policy_name'))]"
            ],
            "properties": {
                "priority": 300,
                "ruleCollections": [
                    {
                        "ruleCollectionType": "FirewallPolicyFilterRuleCollection",
                        "action": {
                            "type": "Allow"
                        },
                        "rules": [
                            {
                                "ruleType": "ApplicationRule",
                                "name": "App_AllowWeb",
                                "protocols": [
                                    {
                                        "protocolType": "Http",
                                        "port": 80
                                    },
                                    {
                                        "protocolType": "Https",
                                        "port": 443
                                    }
                                ],
                                "fqdnTags": [],
                                "webCategories": [],
                                "targetFqdns": [
                                    "github.com",
                                    "*.azurewebsites.net"
                                ],
                                "targetUrls": [],
                                "terminateTLS": false,
                                "sourceAddresses": [
                                    "10.0.0.0/16"
                                ],
                                "destinationAddresses": [],
                                "sourceIpGroups": [],
                                "httpHeadersToInsert": []
                            }
                        ],
                        "name": "App_AllowWeb",
                        "priority": 200
                    }
                ]
            }
        },
        {
            "type": "Microsoft.Network/firewallPolicies/ruleCollectionGroups",
            "apiVersion": "2024-05-01",
            "name": "[concat(parameters('firewallPolicies_Firewall_Policy_name'), '/DefaultNetworkRuleCollectionGroup')]",
            "location": "northeurope",
            "dependsOn": [
                "[resourceId('Microsoft.Network/firewallPolicies', parameters('firewallPolicies_Firewall_Policy_name'))]"
            ],
            "properties": {
                "priority": 200,
                "ruleCollections": [
                    {
                        "ruleCollectionType": "FirewallPolicyFilterRuleCollection",
                        "action": {
                            "type": "Allow"
                        },
                        "rules": [
                            {
                                "ruleType": "NetworkRule",
                                "name": "Allow_DNS",
                                "ipProtocols": [
                                    "UDP"
                                ],
                                "sourceAddresses": [
                                    "10.0.0.0/16"
                                ],
                                "sourceIpGroups": [],
                                "destinationAddresses": [
                                    "168.63.129.16"
                                ],
                                "destinationIpGroups": [],
                                "destinationFqdns": [],
                                "destinationPorts": [
                                    "53"
                                ]
                            }
                        ],
                        "name": "Net_rules",
                        "priority": 100
                    }
                ]
            }
        }
    ]
}