{
    "$schema": "https://schema.management.azure.com/schemas/2019-04-01/deploymentTemplate.json#",
    "contentVersion": "1.0.0.0",
    "parameters": {
        "sites_webapp_univators_name": {
            "defaultValue": "webapp-univators",
            "type": "String"
        },
        "serverfarms_ASP_rgwebapp_97ef_externalid": {
            "defaultValue": "/subscriptions/ea306d54-2f1d-4e60-ae76-4887df5ee377/resourceGroups/rg-webapp/providers/Microsoft.Web/serverfarms/ASP-rgwebapp-97ef",
            "type": "String"
        }
    },
    "variables": {},
    "resources": [
        {
            "type": "Microsoft.Web/sites",
            "apiVersion": "2024-04-01",
            "name": "[parameters('sites_webapp_univators_name')]",
            "location": "North Europe",
            "tags": {
                "hidden-link: /app-insights-resource-id": "/subscriptions/ea306d54-2f1d-4e60-ae76-4887df5ee377/resourceGroups/rg-webapp/providers/microsoft.insights/components/webapp-univators",
                "hidden-link: /app-insights-instrumentation-key": "df3e7b29-8f81-410b-81a7-9a3027219e83",
                "hidden-link: /app-insights-conn-string": "InstrumentationKey=df3e7b29-8f81-410b-81a7-9a3027219e83;IngestionEndpoint=https://northeurope-2.in.applicationinsights.azure.com/;LiveEndpoint=https://northeurope.livediagnostics.monitor.azure.com/;ApplicationId=a16080a9-ba0a-4fc2-b47f-99cc8885de96"
            },
            "kind": "app,linux",
            "properties": {
                "enabled": true,
                "hostNameSslStates": [
                    {
                        "name": "[concat(parameters('sites_webapp_univators_name'), '-dqergshshcd0ehaf.northeurope-01.azurewebsites.net')]",
                        "sslState": "Disabled",
                        "hostType": "Standard"
                    },
                    {
                        "name": "[concat(parameters('sites_webapp_univators_name'), '-dqergshshcd0ehaf.scm.northeurope-01.azurewebsites.net')]",
                        "sslState": "Disabled",
                        "hostType": "Repository"
                    }
                ],
                "serverFarmId": "[parameters('serverfarms_ASP_rgwebapp_97ef_externalid')]",
                "reserved": true,
                "isXenon": false,
                "hyperV": false,
                "dnsConfiguration": {},
                "vnetRouteAllEnabled": false,
                "vnetImagePullEnabled": false,
                "vnetContentShareEnabled": false,
                "siteConfig": {
                    "numberOfWorkers": 1,
                    "linuxFxVersion": "DOTNETCORE|8.0",
                    "acrUseManagedIdentityCreds": false,
                    "alwaysOn": false,
                    "http20Enabled": false,
                    "functionAppScaleLimit": 0,
                    "minimumElasticInstanceCount": 1
                },
                "scmSiteAlsoStopped": false,
                "clientAffinityEnabled": false,
                "clientCertEnabled": false,
                "clientCertMode": "Required",
                "hostNamesDisabled": false,
                "ipMode": "IPv4",
                "vnetBackupRestoreEnabled": false,
                "customDomainVerificationId": "21EC0A7D5C07733556D7371B1343FBAAC6FA2919902990789B966B7DC5B02A89",
                "containerSize": 0,
                "dailyMemoryTimeQuota": 0,
                "httpsOnly": true,
                "endToEndEncryptionEnabled": false,
                "redundancyMode": "None",
                "publicNetworkAccess": "Enabled",
                "storageAccountRequired": false,
                "keyVaultReferenceIdentity": "SystemAssigned",
                "autoGeneratedDomainNameLabelScope": "TenantReuse"
            }
        },
        {
            "type": "Microsoft.Web/sites/basicPublishingCredentialsPolicies",
            "apiVersion": "2024-04-01",
            "name": "[concat(parameters('sites_webapp_univators_name'), '/ftp')]",
            "location": "North Europe",
            "dependsOn": [
                "[resourceId('Microsoft.Web/sites', parameters('sites_webapp_univators_name'))]"
            ],
            "tags": {
                "hidden-link: /app-insights-resource-id": "/subscriptions/ea306d54-2f1d-4e60-ae76-4887df5ee377/resourceGroups/rg-webapp/providers/microsoft.insights/components/webapp-univators",
                "hidden-link: /app-insights-instrumentation-key": "df3e7b29-8f81-410b-81a7-9a3027219e83",
                "hidden-link: /app-insights-conn-string": "InstrumentationKey=df3e7b29-8f81-410b-81a7-9a3027219e83;IngestionEndpoint=https://northeurope-2.in.applicationinsights.azure.com/;LiveEndpoint=https://northeurope.livediagnostics.monitor.azure.com/;ApplicationId=a16080a9-ba0a-4fc2-b47f-99cc8885de96"
            },
            "properties": {
                "allow": false
            }
        },
        {
            "type": "Microsoft.Web/sites/basicPublishingCredentialsPolicies",
            "apiVersion": "2024-04-01",
            "name": "[concat(parameters('sites_webapp_univators_name'), '/scm')]",
            "location": "North Europe",
            "dependsOn": [
                "[resourceId('Microsoft.Web/sites', parameters('sites_webapp_univators_name'))]"
            ],
            "tags": {
                "hidden-link: /app-insights-resource-id": "/subscriptions/ea306d54-2f1d-4e60-ae76-4887df5ee377/resourceGroups/rg-webapp/providers/microsoft.insights/components/webapp-univators",
                "hidden-link: /app-insights-instrumentation-key": "df3e7b29-8f81-410b-81a7-9a3027219e83",
                "hidden-link: /app-insights-conn-string": "InstrumentationKey=df3e7b29-8f81-410b-81a7-9a3027219e83;IngestionEndpoint=https://northeurope-2.in.applicationinsights.azure.com/;LiveEndpoint=https://northeurope.livediagnostics.monitor.azure.com/;ApplicationId=a16080a9-ba0a-4fc2-b47f-99cc8885de96"
            },
            "properties": {
                "allow": true
            }
        },
        {
            "type": "Microsoft.Web/sites/config",
            "apiVersion": "2024-04-01",
            "name": "[concat(parameters('sites_webapp_univators_name'), '/web')]",
            "location": "North Europe",
            "dependsOn": [
                "[resourceId('Microsoft.Web/sites', parameters('sites_webapp_univators_name'))]"
            ],
            "tags": {
                "hidden-link: /app-insights-resource-id": "/subscriptions/ea306d54-2f1d-4e60-ae76-4887df5ee377/resourceGroups/rg-webapp/providers/microsoft.insights/components/webapp-univators",
                "hidden-link: /app-insights-instrumentation-key": "df3e7b29-8f81-410b-81a7-9a3027219e83",
                "hidden-link: /app-insights-conn-string": "InstrumentationKey=df3e7b29-8f81-410b-81a7-9a3027219e83;IngestionEndpoint=https://northeurope-2.in.applicationinsights.azure.com/;LiveEndpoint=https://northeurope.livediagnostics.monitor.azure.com/;ApplicationId=a16080a9-ba0a-4fc2-b47f-99cc8885de96"
            },
            "properties": {
                "numberOfWorkers": 1,
                "defaultDocuments": [
                    "Default.htm",
                    "Default.html",
                    "Default.asp",
                    "index.htm",
                    "index.html",
                    "iisstart.htm",
                    "default.aspx",
                    "index.php",
                    "hostingstart.html"
                ],
                "netFrameworkVersion": "v4.0",
                "linuxFxVersion": "DOTNETCORE|8.0",
                "requestTracingEnabled": false,
                "remoteDebuggingEnabled": false,
                "remoteDebuggingVersion": "VS2022",
                "httpLoggingEnabled": false,
                "acrUseManagedIdentityCreds": false,
                "logsDirectorySizeLimit": 35,
                "detailedErrorLoggingEnabled": false,
                "publishingUsername": "$webapp-univators",
                "scmType": "GitHubAction",
                "use32BitWorkerProcess": true,
                "webSocketsEnabled": false,
                "alwaysOn": false,
                "managedPipelineMode": "Integrated",
                "virtualApplications": [
                    {
                        "virtualPath": "/",
                        "physicalPath": "site\\wwwroot",
                        "preloadEnabled": false
                    }
                ],
                "loadBalancing": "LeastRequests",
                "experiments": {
                    "rampUpRules": []
                },
                "autoHealEnabled": false,
                "vnetRouteAllEnabled": false,
                "vnetPrivatePortsCount": 0,
                "publicNetworkAccess": "Enabled",
                "localMySqlEnabled": false,
                "ipSecurityRestrictions": [
                    {
                        "ipAddress": "Any",
                        "action": "Allow",
                        "priority": 2147483647,
                        "name": "Allow all",
                        "description": "Allow all access"
                    }
                ],
                "scmIpSecurityRestrictions": [
                    {
                        "ipAddress": "Any",
                        "action": "Allow",
                        "priority": 2147483647,
                        "name": "Allow all",
                        "description": "Allow all access"
                    }
                ],
                "scmIpSecurityRestrictionsUseMain": false,
                "http20Enabled": false,
                "minTlsVersion": "1.2",
                "scmMinTlsVersion": "1.2",
                "ftpsState": "FtpsOnly",
                "preWarmedInstanceCount": 0,
                "elasticWebAppScaleLimit": 0,
                "functionsRuntimeScaleMonitoringEnabled": false,
                "minimumElasticInstanceCount": 1,
                "azureStorageAccounts": {}
            }
        },
        {
            "type": "Microsoft.Web/sites/deployments",
            "apiVersion": "2024-04-01",
            "name": "[concat(parameters('sites_webapp_univators_name'), '/858409ad-421e-4ec7-bb34-834ceb2791f5')]",
            "location": "North Europe",
            "dependsOn": [
                "[resourceId('Microsoft.Web/sites', parameters('sites_webapp_univators_name'))]"
            ],
            "properties": {
                "status": 4,
                "author_email": "N/A",
                "author": "N/A",
                "deployer": "OneDeploy",
                "message": "OneDeploy",
                "start_time": "2025-04-30T20:10:55.2449513Z",
                "end_time": "2025-04-30T20:11:26.3731348Z",
                "active": true
            }
        },
        {
            "type": "Microsoft.Web/sites/deployments",
            "apiVersion": "2024-04-01",
            "name": "[concat(parameters('sites_webapp_univators_name'), '/c9aba18f-7157-4ce9-9e7d-80ffc2ae36f8')]",
            "location": "North Europe",
            "dependsOn": [
                "[resourceId('Microsoft.Web/sites', parameters('sites_webapp_univators_name'))]"
            ],
            "properties": {
                "status": 4,
                "author_email": "N/A",
                "author": "N/A",
                "deployer": "OneDeploy",
                "message": "OneDeploy",
                "start_time": "2025-04-30T20:04:51.4602645Z",
                "end_time": "2025-04-30T20:05:09.1101839Z",
                "active": false
            }
        },
        {
            "type": "Microsoft.Web/sites/hostNameBindings",
            "apiVersion": "2024-04-01",
            "name": "[concat(parameters('sites_webapp_univators_name'), '/', parameters('sites_webapp_univators_name'), '-dqergshshcd0ehaf.northeurope-01.azurewebsites.net')]",
            "location": "North Europe",
            "dependsOn": [
                "[resourceId('Microsoft.Web/sites', parameters('sites_webapp_univators_name'))]"
            ],
            "properties": {
                "siteName": "webapp-univators",
                "hostNameType": "Verified"
            }
        }
    ]
}