{
    "$schema": "https://schema.management.azure.com/schemas/2015-01-01/deploymentParameters.json#",
    "contentVersion": "1.0.0.0",
    "parameters": {
        "azureFirewalls_Firewall_Multisoftware_name": {
            "value": null
        },
        "publicIPAddresses_Firewall_IP_externalid": {
            "value": null
        },
        "virtualNetworks_Univators7VNet_externalid": {
            "value": null
        },
        "firewallPolicies_Firewall_Policy_externalid": {
            "value": null
        }
    }
}