{
    "$schema": "https://schema.management.azure.com/schemas/2019-04-01/deploymentTemplate.json#",
    "contentVersion": "1.0.0.0",
    "parameters": {
        "azureFirewalls_Firewall_Multisoftware_name": {
            "defaultValue": "Firewall_Multisoftware",
            "type": "String"
        },
        "publicIPAddresses_Firewall_IP_externalid": {
            "defaultValue": "/subscriptions/ea306d54-2f1d-4e60-ae76-4887df5ee377/resourceGroups/rg-webapp/providers/Microsoft.Network/publicIPAddresses/Firewall_IP",
            "type": "String"
        },
        "virtualNetworks_Univators7VNet_externalid": {
            "defaultValue": "/subscriptions/ea306d54-2f1d-4e60-ae76-4887df5ee377/resourceGroups/rg-webapp/providers/Microsoft.Network/virtualNetworks/Univators7VNet",
            "type": "String"
        },
        "firewallPolicies_Firewall_Policy_externalid": {
            "defaultValue": "/subscriptions/ea306d54-2f1d-4e60-ae76-4887df5ee377/resourceGroups/rg-webapp/providers/Microsoft.Network/firewallPolicies/Firewall_Policy",
            "type": "String"
        }
    },
    "variables": {},
    "resources": [
        {
            "type": "Microsoft.Network/azureFirewalls",
            "apiVersion": "2024-05-01",
            "name": "[parameters('azureFirewalls_Firewall_Multisoftware_name')]",
            "location": "northeurope",
            "properties": {
                "sku": {
                    "name": "AZFW_VNet",
                    "tier": "Standard"
                },
                "threatIntelMode": "Alert",
                "additionalProperties": {},
                "ipConfigurations": [
                    {
                        "name": "Firewall_IP",
                        "id": "[concat(resourceId('Microsoft.Network/azureFirewalls', parameters('azureFirewalls_Firewall_Multisoftware_name')), '/azureFirewallIpConfigurations/Firewall_IP')]",
                        "properties": {
                            "publicIPAddress": {
                                "id": "[parameters('publicIPAddresses_Firewall_IP_externalid')]"
                            },
                            "subnet": {
                                "id": "[concat(parameters('virtualNetworks_Univators7VNet_externalid'), '/subnets/AzureFirewallSubnet')]"
                            }
                        }
                    }
                ],
                "networkRuleCollections": [],
                "applicationRuleCollections": [],
                "natRuleCollections": [],
                "firewallPolicy": {
                    "id": "[parameters('firewallPolicies_Firewall_Policy_externalid')]"
                }
            }
        }
    ]
}