{
    "$schema": "https://schema.management.azure.com/schemas/2019-04-01/deploymentTemplate.json#",
    "contentVersion": "1.0.0.0",
    "parameters": {
        "routeTables_RT_Through_Firewall_name": {
            "defaultValue": "RT_Through_Firewall",
            "type": "String"
        }
    },
    "variables": {},
    "resources": [
        {
            "type": "Microsoft.Network/routeTables",
            "apiVersion": "2024-05-01",
            "name": "[parameters('routeTables_RT_Through_Firewall_name')]",
            "location": "northeurope",
            "properties": {
                "disableBgpRoutePropagation": false,
                "routes": [
                    {
                        "name": "Default_To_FW",
                        "id": "[resourceId('Microsoft.Network/routeTables/routes', parameters('routeTables_RT_Through_Firewall_name'), 'Default_To_FW')]",
                        "properties": {
                            "addressPrefix": "0.0.0.0/0",
                            "nextHopType": "VirtualAppliance",
                            "nextHopIpAddress": "10.0.5.4"
                        },
                        "type": "Microsoft.Network/routeTables/routes"
                    }
                ]
            }
        },
        {
            "type": "Microsoft.Network/routeTables/routes",
            "apiVersion": "2024-05-01",
            "name": "[concat(parameters('routeTables_RT_Through_Firewall_name'), '/Default_To_FW')]",
            "dependsOn": [
                "[resourceId('Microsoft.Network/routeTables', parameters('routeTables_RT_Through_Firewall_name'))]"
            ],
            "properties": {
                "addressPrefix": "0.0.0.0/0",
                "nextHopType": "VirtualAppliance",
                "nextHopIpAddress": "10.0.5.4"
            }
        }
    ]
}