{
    "$schema": "https://schema.management.azure.com/schemas/2019-04-01/deploymentTemplate.json#",
    "contentVersion": "1.0.0.0",
    "parameters": {
        "networkSecurityGroups_AzurFirewall_nsg_name": {
            "defaultValue": "AzurFirewall_nsg",
            "type": "String"
        }
    },
    "variables": {},
    "resources": [
        {
            "type": "Microsoft.Network/networkSecurityGroups",
            "apiVersion": "2024-05-01",
            "name": "[parameters('networkSecurityGroups_AzurFirewall_nsg_name')]",
            "location": "northeurope",
            "properties": {
                "securityRules": []
            }
        }
    ]
}